id,expensive
6760,0.6431712614693539
6761,0.9360232471695527
6762,0.8767893049342325
6763,0.9345444594933779
6764,0.87710460471074
6765,0.8779763396637463
6766,0.5938025060856579
6767,0.9981876949003339
6768,0.9530386469441043
6769,0.7225852920676148
6770,0.7286140586622625
6771,0.99694661581016
6772,0.08789887744604423
6773,0.12706451902585708
6774,0.9968583329059391
6775,0.5838642317750254
6776,0.9558525847164161
6777,0.9973310892983518
6778,0.9503123243643927
6779,0.9904350096907572
6780,0.8561192680418632
6781,0.9979184321164387
6782,0.9911392908141151
6783,0.9374306737390463
6784,0.4014220019836521
6785,0.5447836879074346
6786,0.9550784959357769
6787,0.4383201893201413
6788,0.9461715747045712
6789,0.14531916825016772
6790,0.4768970343910562
6791,0.6178476453019591
6792,0.8767874870482317
6793,0.8634176288156902
6794,0.8732998239626605
6795,0.7358161900891474
6796,0.6934032125667691
6797,0.9846272389189477
6798,0.995536434425495
6799,0.9530609989931825
6800,0.9793916462947405
6801,0.9966484459348383
6802,0.8611779733508244
6803,0.7369865611154903
6804,0.9974283848983222
6805,0.35483304308841607
6806,0.3387554352683302
6807,0.07764856139908627
6808,0.7145328642468962
6809,0.05850244730546266
6810,0.6230862884300518
6811,0.5224317573912474
6812,0.9975925614288411
6813,0.8165622650031049
6814,0.6644894780017329
6815,0.6262549704379926
6816,0.6664620180550371
6817,0.8283281322086458
6818,0.3707804755927987
6819,0.6840657740730147
6820,0.9274742203223374
6821,0.8558627365183271
6822,0.11565590724180283
6823,0.7392289111773284
6824,0.9230636028169273
6825,0.3063333479803257
6826,0.9157927771562113
6827,0.9672691612794938
6828,0.9526936805728724
6829,0.7021009260783061
6830,0.9143960694603934
6831,0.4599660205561542
6832,0.9778944697027722
6833,0.9752827748890853
6834,0.7064573835814817
6835,0.9048567833927661
6836,0.7120491147164779
6837,0.886461471472742
6838,0.0992227165191164
6839,0.8661069377627915
6840,0.9926654804516437
6841,0.9673152140126533
6842,0.6534398800064227
6843,0.7485643649353223
6844,0.8266551202180266
6845,0.797096101985794
6846,0.6544612555598563
6847,0.8582720593825316
6848,0.41846565059433694
6849,0.48163190208846546
6850,0.2542447228699125
6851,0.5552276832986682
6852,0.878564361313035
6853,0.3686344295295911
6854,0.8151915597260818
6855,0.09164467226982118
6856,0.12119630808728993
6857,0.8336377648881013
6858,0.7524661643605585
6859,0.9366067817012987
6860,0.7925407712489007
6861,0.7247764356458718
6862,0.7866511075863749
6863,0.9039266947770412
6864,0.2525552159865701
6865,0.3868655194484609
6866,0.4765851180532446
6867,0.3606617859965522
6868,0.8040272139807011
6869,0.738556440702158
6870,0.7728664191968613
6871,0.7990019374322029
6872,0.6731904895267373
6873,0.8475296272240941
6874,0.8236807876431725
6875,0.9908685542681158
6876,0.5630470877473361
6877,0.7152428214738809
6878,0.27029340671297414
6879,0.3787069219772619
6880,0.08040070656308565
6881,0.1190803345374354
6882,0.10433611215981435
6883,0.11550977628692863
6884,0.818194972808907
6885,0.8120623970361146
6886,0.33795156974717083
6887,0.9433421753933375
6888,0.8219676397913229
6889,0.8013931367621757
6890,0.0844357615794721
6891,0.12200305625437532
6892,0.0330496492624615
6893,0.10314223440814609
6894,0.15936502156541985
6895,0.14612024311227703
6896,0.13550835096169922
6897,0.9112809132652231
6898,0.9010100782928752
6899,0.22156512984637367
6900,0.31089928212419604
6901,0.357534947711469
6902,0.5516508119134973
6903,0.5417481648449186
6904,0.5945139926205726
6905,0.6674433473950978
6906,0.10805902008875538
6907,0.3904130455621751
6908,0.6998877045350949
6909,0.2443567314909451
6910,0.5619077853520502
6911,0.24625456045971456
6912,0.8482345881297724
6913,0.4407201167365464
6914,0.6802833342209449
6915,0.6416252597870823
6916,0.818671253447389
6917,0.9529304846201688
6918,0.5739845252347547
6919,0.12214713872982187
6920,0.3318485212435203
6921,0.9604370307694394
6922,0.9714615588054991
6923,0.9817552300389779
6924,0.7650489950480334
6925,0.9985801716689626
6926,0.3421813926080188
6927,0.9171152171324537
6928,0.8670008601799959
6929,0.9977740813351549
6930,0.9889512673669084
6931,0.14492308831772266
6932,0.2875958750946877
6933,0.8201644631776441
6934,0.8453078563227243
6935,0.8531633173657919
6936,0.34315420397727203
6937,0.14762143588132967
6938,0.9993117387181093
6939,0.9463686685642407
6940,0.5238779697891225
6941,0.6888137878888226
6942,0.5649311750758257
6943,0.9703620739094972
6944,0.9475531909287511
6945,0.7545783344614876
6946,0.9849769558349954
6947,0.600318661218268
6948,0.00020610612443167306
6949,0.429331692529865
6950,0.7238040680586029
6951,0.9655988410156936
6952,0.9972192502016951
6953,0.7447930366954197
6954,0.8536168767177393
6955,0.8854909715052681
6956,0.827286906852163
6957,0.42353230726652574
6958,0.9998899452535123
6959,0.9998255926722921
6960,0.6739653724400343
6961,0.3336360453334175
6962,0.38970913374072597
6963,0.9562733924460466
6964,0.7329364782044918
6965,0.4052904110848792
6966,0.820194255682286
6967,0.029557766075123126
6968,0.7741753047100058
6969,0.6891070457939306
6970,0.691251895500726
6971,0.7912292108385403
6972,0.6636081971967458
6973,0.8525068008857699
6974,0.7051895322344248
6975,0.9501203543125015
6976,0.8757689916456703
6977,0.020554859346061608
6978,0.08371737450915236
6979,0.7805827638010481
6980,0.9678769828963938
6981,0.9715114279803886
6982,0.9876900885322011
6983,0.990955830314924
6984,0.8045825463015196
6985,0.7704376007175562
6986,0.8070867072752859
6987,0.9135648413226725
6988,0.7883799179270629
6989,0.9061415308661083
6990,0.9179792066384835
6991,0.9084679167233403
6992,0.7346617945060055
6993,0.349696173059973
6994,0.8294452550178731
6995,0.9056233982266398
6996,0.8848473089443595
6997,0.6040507547962595
6998,0.8832665563097705
6999,0.9222951163885666
7000,0.18259092188955758
7001,0.7059241222456084
7002,0.8069656992394609
7003,0.7078030208409581
7004,0.517662259412338
7005,0.7048962541081899
7006,0.9640664128064363
7007,0.5331694294885505
7008,0.9062614132532042
7009,0.856128307037377
7010,0.995909812434667
7011,0.9504506059154659
7012,0.7540103273408464
7013,0.542384791651975
7014,0.7344736711161863
7015,0.353824109782355
7016,0.5273928229398519
7017,0.7299205314225986
7018,0.7031199913103009
7019,0.9729658242711888
7020,0.515263965964778
7021,0.8046777300769128
7022,3.6259681167084624e-05
7023,0.9153589093964459
7024,0.9159090657594113
7025,0.953869768786348
7026,0.4593157726030975
7027,0.9971985924344728
7028,0.7632162845063949
7029,0.7492674918583824
7030,0.5343562891439919
7031,0.7629772020718781
7032,0.9998064552129493
7033,0.5368511389955541
7034,0.4415575599922549
7035,0.20526974726637903
7036,0.30140492748220415
7037,0.18829642840110816
7038,0.41158381029547836
7039,0.9728764436958992
7040,0.4974114040416408
7041,0.9913407648970904
7042,0.9811582925593205
7043,0.9716229130182201
7044,0.9099848543177219
7045,0.8528341956036392
7046,0.7121525471571623
7047,0.6917121884771262
7048,0.3329982592955679
7049,0.5696166202853944
7050,0.7140460941012713
7051,0.6938848526322146
7052,0.7296257850752217
7053,0.9454360018422544
7054,0.693182083959074
7055,0.8940733845628084
7056,0.9970592074955003
7057,0.9671994452871329
7058,0.8317200830980954
7059,0.7189861802977661
7060,0.7858686380128792
7061,0.7959835885814273
7062,2.802331424637373e-05
7063,0.4800245721163802
7064,0.725378171097547
7065,0.932607611768529
7066,0.47474016852366796
7067,0.19341598948305305
7068,0.8847120643335715
7069,0.8021852185965517
7070,0.7694799612292904
7071,0.7535891130435632
7072,0.7419971524707476
7073,0.7511691101920412
7074,0.41981190772979804
7075,0.47322118205762803
7076,0.932290557995442
7077,0.7610820792700373
7078,0.9593831225320771
7079,0.3425872852785028
7080,0.4344936463110288
7081,0.3515788709064082
7082,0.8942236815945319
7083,0.4177123880213346
7084,0.9712980104100113
7085,0.36406757038872756
7086,0.3726425521023952
7087,0.38769516602387005
7088,0.35743209858502806
7089,0.3339069071202855
7090,0.7885844568861087
7091,0.19433241890340097
7092,0.050167887194628336
7093,0.4007851863669269
7094,0.38510554490865095
7095,0.800000289893825
7096,0.5535966448642118
7097,0.8760695896728867
7098,0.02288389846164954
7099,0.45443077814303934
7100,0.606545230895201
7101,0.9998880600396903
7102,0.5284603867071018
7103,0.9365369787145165
7104,0.9970039437136382
7105,0.43321706819067674
7106,0.633182121151761
7107,0.780640952715644
7108,0.17609598170300333
7109,0.9979288294280705
7110,0.972968815592138
7111,0.9455598718657584
7112,0.916534938143827
7113,0.6440348132533836
7114,0.7001903062178919
7115,0.5740079142273106
7116,0.9606982492533575
7117,0.9895240449043469
7118,0.9780212674197958
7119,0.9416865547678974
7120,0.40899078230070823
7121,0.9044716009565644
7122,0.9716005750470544
7123,0.5515060640278544
7124,0.8761417898312653
7125,0.9222658878783891
7126,0.9011313232443949
7127,0.9119934747538712
7128,0.8246517510268677
7129,0.9524209912269423
7130,0.9291786802466028
7131,0.8533677822208512
7132,0.7505749908413695
7133,0.9990142844508256
7134,0.9222081403324647
7135,0.9234918027844748
7136,0.9351987915409401
7137,0.9351767167735477
7138,0.9219759366038545
7139,0.902527558958427
7140,0.7922185538617293
7141,0.9889215264133144
7142,0.994645810655263
7143,0.8122236190331548
7144,0.7018169792995328
7145,0.9904704503899301
7146,0.9663647918831524
7147,0.17623147116246565
7148,0.02235982599511228
7149,0.9957869807614902
7150,0.9727420078202602
7151,0.4779352601046443
7152,0.5374223300923547
7153,0.7022501079921644
7154,0.18082923841082973
7155,0.6876074978725746
7156,0.915854867596269
7157,0.5546357103017464
7158,0.5940636747784523
7159,0.7828802348315601
7160,0.9819475875129232
7161,0.9005449674978203
7162,0.5653259518866072
7163,0.07240872685888716
7164,0.23841148861565906
7165,0.7264921797014159
7166,0.5237021302635739
7167,0.9998366564191752
7168,0.9871994817023769
7169,0.2859051205181968
7170,0.23745018461223716
7171,0.6848153284967591
7172,0.9345172067095538
7173,0.9532131025599447
7174,0.9926258046665054
7175,0.13928426753686035
7176,0.021421205834993597
7177,0.25755519627340134
7178,0.9251686070549546
7179,0.7199884033193856
7180,0.45219522213748026
7181,0.5755368370535187
7182,0.9759974233063499
7183,0.5158329497394936
7184,0.445566579706534
7185,0.975154766623721
7186,0.978894936648508
7187,0.535581939621417
7188,0.9707732774307224
7189,0.9727554614710947
7190,0.5794996537863443
7191,0.39311067767947644
7192,0.4904095147356349
7193,0.6727004752014535
7194,0.9327965707135181
7195,0.9782858539563597
7196,0.17764666391793044
7197,0.9770946548990777
7198,0.5114896862060261
7199,0.6853108027492265
7200,0.22779847125627967
7201,0.892072686976299
7202,0.560337040983938
7203,0.6780297125634371
7204,0.7060327670189146
7205,0.6005487620843877
7206,0.3530144101789379
7207,0.9588713998278369
7208,0.6043805991865944
7209,0.6466545342070705
7210,0.49273507621838597
7211,0.5233624733646991
7212,0.4330708244461795
7213,0.9100736981019898
7214,0.532665486044301
7215,0.5679838240188315
7216,0.7976821882008941
7217,0.4911084040166519
7218,0.7805941895273452
7219,0.9474707907766621
7220,0.4355255598474296
7221,0.5700776893645008
7222,0.555309664065528
7223,0.9875283075900865
7224,0.3048772352625913
7225,0.4247786931862159
7226,0.42197564228672685
7227,0.5382796644977833
7228,0.5314998442812863
7229,0.8112527941491312
7230,0.19171660911555544
7231,0.16722460756807442
7232,0.34104855757400093
7233,0.19706108173820952
7234,0.785272260633233
7235,0.332410422285387
7236,0.3154785681600481
7237,0.588278103311704
7238,0.6675032715110446
7239,0.7611047404139961
7240,0.8974194499339261
7241,0.2054958609396264
7242,0.5924767742479835
7243,0.21028871202758387
7244,0.495369836274469
7245,0.46846241510289116
7246,0.97709358777
7247,0.5269228632338155
7248,0.8035674960469836
7249,0.8390353044245833
7250,0.4655559199950655
7251,0.6747472844065514
7252,0.5992574565016002
7253,0.8347453861674727
7254,0.6975053926011916
7255,0.9858427920123306
7256,0.5863327533847023
7257,0.8435655242853288
7258,0.8534116078260102
7259,0.9508839097692693
7260,0.659473494736331
7261,0.9623553303409926
7262,0.7257487806997146
7263,0.6914063969586087
7264,0.9235632451429324
7265,0.5386972446706758
7266,0.35729089276985193
7267,0.8339879441640669
7268,0.8349589550088095
7269,0.8463054088775371
7270,0.7128848479741854
7271,0.9245805244430865
7272,0.9992007421350341
7273,0.337049416099289
7274,0.9975698745895001
7275,0.8508361407132041
7276,0.5843147879781616
7277,0.3923139577207589
7278,0.6152700337680785
7279,0.4856540762699537
7280,0.5165285526092362
7281,0.9387076857057012
7282,0.6952495824302909
7283,0.609883681335332
7284,0.3008233897932148
7285,0.9711480009017908
7286,0.5218823934569822
7287,0.5492225656357058
7288,0.7611191078354249
7289,0.6768514673740854
7290,0.6140182738302986
7291,0.6252568536053622
7292,0.6816219065432155
7293,0.9345908141738343
7294,0.9894854081741643
7295,0.6951798050298287
7296,0.7262712849215931
7297,0.5683389930182661
7298,0.11731224316829736
7299,0.7523354352011722
7300,0.787565550299279
7301,0.6711366814301399
7302,0.7293351562548271
7303,0.9937510141103038
7304,0.9827113877239632
7305,0.3460842755828581
7306,0.6686155900768624
7307,0.8062763235034686
7308,0.7612672810739788
7309,0.6521375436214677
7310,0.81721016177783
7311,0.6579345804671434
7312,0.8786197357907043
7313,0.9291688703138312
7314,0.29702105534595036
7315,0.362315245918979
7316,0.2902194708715991
7317,0.5787069244460077
7318,0.11241708853769553
7319,0.4611497159923215
7320,0.9153757358401361
7321,0.9212185757268456
7322,0.9784491795572339
7323,0.3074640752940596
7324,0.7914376733073254
7325,0.10575775101798594
7326,0.23750025722195417
7327,0.45849636446923625
7328,0.3981840146040746
7329,0.2313581528510444
7330,0.9491894324380626
7331,0.9704765165402301
7332,0.8704215409530818
7333,0.7442267071684092
7334,0.1100250071834756
7335,0.707841797335468
7336,0.9344218625564891
7337,0.12864668183932695
7338,0.8207630698202604
7339,0.8710809970884275
7340,0.9795334661251316
7341,0.9359228744059547
7342,0.8013698648917895
7343,0.4515095462023686
7344,0.9970609258906428
7345,0.7036482360141733
7346,0.826154170576254
7347,0.8096184507445261
7348,0.548868955487361
7349,0.8917829286174607
7350,0.436097692169916
7351,0.8224057617377502
7352,0.9993728299859772
7353,0.409387671496326
7354,0.5291645415971934
7355,0.643946407232862
7356,0.8020144422643019
7357,0.793021143469467
7358,0.7424589611873085
7359,0.8000654304271945
7360,0.9998340821664972
7361,0.4884431924685281
7362,0.9942535739229811
7363,0.9914083911056478
7364,0.2619182500291965
7365,0.36817858104264084
7366,0.8607368883601043
7367,0.17464119612851803
7368,0.07147166554230243
7369,0.06509171643499738
7370,0.8947754200229595
7371,0.7332897934022305
7372,0.5199660676225106
7373,0.34651100336683366
7374,0.4863669747761319
7375,0.4080814067101794
7376,0.556046447484831
7377,0.5516108480238193
7378,0.4089436643022013
7379,0.7085948399828026
7380,0.6963271901857804
7381,0.37062246051085185
7382,0.6458668322016043
7383,0.7668336737919794
7384,0.684595701453818
7385,0.500040688543611
7386,0.412271601117442
7387,0.159692540969522
7388,0.7624581404079593
7389,0.9851269648170794
7390,0.5712510195727536
7391,0.5734130068394494
7392,0.6079776442052954
7393,0.33346993057399305
7394,0.3972127193274184
7395,0.37727565563338405
7396,0.34051705432863993
7397,0.5089173984628744
7398,0.05513453920743801
7399,0.2720269893706337
7400,0.5888516987552213
7401,0.6647847186365125
7402,0.711642993816374
7403,0.5991937958173121
7404,0.9838170731124671
7405,0.9826001976507107
7406,0.26365829936281415
7407,0.9773252311485471
7408,0.8861632715632695
7409,0.49704937265143906
7410,0.3626687975818595
7411,0.2398847143000835
7412,0.5007070970148264
7413,0.38160046398707953
7414,0.5761395779235443
7415,0.4347656961358659
7416,0.289191211260144
7417,0.27223672332758286
7418,0.4929836590374192
7419,0.5339779136327202
7420,0.640227268189233
7421,0.2533430366438495
7422,0.7605267503314547
7423,0.8594856440671632
7424,0.04402199311634737
7425,0.9959295643994973
7426,0.6625655147285674
7427,0.9684230365056177
7428,0.34799863572797773
7429,0.7331241169175212
7430,0.15245660306770803
7431,0.7319361782840502
7432,0.7673186942536191
7433,0.3276200131865035
7434,0.8797162023643759
7435,0.512617754964566
7436,0.5872701886705882
7437,0.8409712376974527
7438,0.7022493631638891
7439,0.4581687110511641
7440,0.7944113134835292
7441,0.8207031801494431
7442,0.1762363673064159
7443,0.5436320430407914
7444,0.8545087432849025
7445,0.6008084636013756
7446,0.6260203335380764
7447,0.2990423534120238
7448,0.9188509683653816
7449,0.6479651784967854
7450,0.6451066023929887
7451,0.8775405930435696
7452,0.6004757132931978
7453,0.6284288534918272
7454,0.8129585803097021
7455,0.688378834012762
7456,0.3477159852310035
7457,0.9102750654673946
7458,0.9123255423985092
7459,0.8659697001688603
7460,0.810037692659474
7461,0.7311586133089092
7462,0.894186142377786
7463,0.8031560215980934
7464,0.8052365095604253
7465,0.8457612875946433
7466,0.9363358015564015
7467,0.6020779775772449
7468,0.8465840874110987
7469,0.6293444833349097
7470,0.5875352881640342
7471,0.5245033569406955
7472,0.3641518291888336
7473,0.3635056547034047
7474,0.424315133369753
7475,0.8198842931459549
7476,0.31515297705002
7477,0.39533099472606753
7478,0.9432623777518901
7479,0.7790910723346829
7480,0.4584213949007224
7481,0.40073219575563546
7482,0.6090462086793241
7483,0.9639357283233938
7484,0.40726208473483305
7485,0.5806038892498544
7486,0.4853888500641764
7487,0.3456561012442223
7488,0.5233057218973889
7489,0.6233258287132414
7490,0.8467574167567258
7491,0.614528276975334
7492,0.8843670681744543
7493,0.5162028679662186
7494,0.5370178561091808
7495,0.9523696111542335
7496,0.7001179451472234
7497,0.35857824425061324
7498,0.35766270842331255
7499,0.4646561774035319
7500,0.7989115659563865
7501,0.8871085447220639
7502,0.9430250456477666
7503,0.9004844072520694
7504,0.6476410985316986
7505,0.289843847849888
7506,0.5051794086840921
7507,0.5511854496631284
7508,0.6802931582849817
7509,0.852008362878664
7510,0.7776735380558019
7511,0.6812468934198084
7512,0.8371302371722183
7513,0.7387286958066631
7514,0.6718802369954371
7515,0.5458409398840051
7516,0.842518567165295
7517,0.5600450694702465
7518,0.8796325331255161
7519,0.8758878603580273
7520,0.30701922248845565
7521,0.6616430623519484
7522,0.411175684564026
7523,0.9595796678966664
7524,0.9516228527300513
7525,0.40363954575631056
7526,0.7901997583665011
7527,0.9886865977041551
7528,0.9219955211059436
7529,0.23567191264545373
7530,0.8602736976923917
7531,0.9310890986611051
7532,0.7940732358271033
7533,0.2259970956958381
7534,0.14182183694185194
7535,0.42160179588103447
7536,0.6010200335407591
7537,0.9664104489101331
7538,0.4487193042059687
7539,0.8356600304378111
7540,0.8922055562700986
7541,0.16159499456758605
7542,0.6674773655708831
7543,0.8172546954229276
7544,0.7409224862174889
7545,0.8530828037972068
7546,0.7849778404790575
7547,0.6522351483252803
7548,0.986637211198243
7549,0.8605432121124017
7550,0.19462866683559873
7551,0.6667961121946107
7552,0.7266697771770945
7553,0.6944927473037575
7554,0.8401089519059947
7555,0.911761010357881
7556,0.8554287823489773
7557,0.7867084295463928
7558,0.7668968604458216
7559,0.6787978609718216
7560,0.9420693170441616
7561,0.3717753318932428
7562,0.6424227073649086
7563,0.2891217104485423
7564,0.30840847609552485
7565,0.752868275340265
7566,0.11038769414896375
7567,0.26515939568778135
7568,0.15584171915698836
7569,0.6954931311143836
7570,0.7360767235313461
7571,0.48066901737205875
7572,0.9464268241006594
7573,0.6408734772276815
7574,0.6629190893618769
7575,0.49659029490390294
7576,0.9633526272751111
7577,0.5840621375361257
7578,0.8713262364952805
7579,0.9995505250636988
7580,0.10848688214034602
7581,0.988482291958775
7582,0.4435191893276868
7583,0.4792091892515974
7584,0.6262718912301661
7585,0.8550997034043508
7586,0.6450533477294887
7587,0.1156563529947415
7588,0.09831752116327448
7589,0.12170982757064311
7590,0.16814649565628867
7591,0.29013543144406323
7592,0.10578792435735834
7593,0.9391248516523262
7594,0.7288105310555266
7595,0.8526443090646209
7596,0.41043077246544557
7597,0.9101959621139967
7598,0.34589595114806604
7599,0.9956558290232671
7600,0.9750167852461138
7601,0.4692055845818382
7602,0.9448019864053514
7603,0.9805397168524473
7604,0.6102419019135804
7605,0.9803659155332679
7606,0.6680841335894708
7607,0.755021690617716
7608,0.7373705522820692
7609,0.9581719915952015
7610,0.9885359732834965
7611,0.9757862618389915
7612,0.9853717427053537
7613,0.6372943651639575
7614,0.5500733526895148
7615,0.7500247432862754
7616,0.7541681291849628
7617,0.7160146047169827
7618,0.5025747996191774
7619,0.8349963648700133
7620,0.7318422943074039
7621,0.6273973057185669
7622,0.6054352653651817
7623,0.9990415863006956
7624,0.9622818742474126
7625,0.6940285681223867
7626,0.8093964615026883
7627,0.7798230596530538
7628,0.9885245354970517
7629,0.6183416400795161
7630,0.6227179058639473
7631,0.13372243885638785
7632,0.6213786433050443
7633,0.7000072299604814
7634,0.26723606741622397
7635,0.41633535809106437
7636,0.09973470585470004
7637,0.4867008859103301
7638,0.9599494707547078
7639,0.991875309240845
7640,0.9869460102523615
7641,0.8506503326844331
7642,0.7987132087699689
7643,0.8059432933675287
7644,0.786440009419547
7645,0.39922381739075485
7646,0.5672527057557658
7647,0.8350372736164324
7648,0.7884879367005468
7649,0.6358909846141285
7650,0.9599744705938005
7651,0.9612251441051627
7652,0.8744635859570364
7653,0.6704008866188991
7654,0.8912741412790501
7655,0.9466907340677212
7656,0.18461732965612904
7657,0.7524563033065742
7658,0.8698623102545071
7659,0.9916488017028702
7660,0.7289439446582265
7661,0.5751432673574265
7662,0.7100489785976075
7663,0.9284549004205309
7664,0.33125645819206184
7665,0.7118500955897874
7666,0.6026550094315377
7667,0.5898838429635137
7668,0.8287344232082503
7669,0.8000514805168126
7670,0.7278653416958171
7671,0.589335825742895
7672,0.4375206904926866
7673,0.49188587381577975
7674,0.7342287554902098
7675,0.20145764993639712
7676,0.8351553533401581
7677,0.2694895500111609
7678,0.36618870628131706
7679,0.9128835446137723
7680,0.46671914625126615
7681,0.9703898160195469
7682,0.7397148058180112
7683,0.560201372197556
7684,0.6023682582730182
7685,0.3945698304323888
7686,0.6665347454573066
7687,0.0852565938459035
7688,0.6163880237429257
7689,0.5236862241806262
7690,0.6848553258051749
7691,0.5300460547501472
7692,0.4183572206328362
7693,0.9978236744902738
7694,0.6881553638522032
7695,0.6103057415974062
7696,0.5066887207651005
7697,0.565095278859821
7698,0.548431829398745
7699,0.8827583164386085
7700,0.8499577200709469
7701,0.062077555562991125
7702,0.9965004157023992
7703,0.729920734511292
7704,0.7521741669680395
7705,0.8936414955390349
7706,0.5687231450988471
7707,0.19209634858470934
7708,0.22035819339541532
7709,0.8060049416262329
7710,0.9501356179450607
7711,0.903229330723177
7712,0.10734826064233437
7713,0.2788241461976278
7714,0.718541741259821
7715,0.7248361427505214
7716,0.06749084376453202
7717,0.8133465489241206
7718,0.8434074296999529
7719,0.7125520326000231
7720,0.7560203454740488
7721,0.1777906856999729
7722,0.556326688113743
7723,0.7719154728238198
7724,0.8490625703402014
7725,0.8459554656943812
7726,0.8528245488147386
7727,0.8279961231405447
7728,0.7100107263248058
7729,0.40897726958700253
7730,0.5190976152644723
7731,0.857732572962805
7732,0.050948711302043766
7733,0.6236891711886073
7734,0.1962619835799522
7735,0.20295086734798373
7736,0.9883535910334726
7737,0.5033936953288234
7738,0.4118971945164963
7739,0.9900522732248576
7740,0.3053841893635232
7741,0.999548396825251
7742,0.3230319267735079
7743,0.9238165216404937
7744,0.8958166967994775
7745,0.579706500408222
7746,0.540829063042284
7747,0.44156793956049156
7748,0.7142264463685908
7749,0.5234788008615171
7750,0.9035621703186496
7751,0.8306524230203535
7752,0.8260596431623388
7753,0.8893137981384095
7754,0.3016909584038351
7755,0.7556871831767165
7756,0.6183997443857523
7757,0.7320286186458081
7758,0.9415994660313325
7759,0.32553829501187104
7760,0.14031881190591491
7761,0.8069241320958105
7762,0.8091144804106517
7763,0.5867359848395987
7764,0.47128076727471085
7765,0.6541684345512223
7766,0.7185216982914803
7767,0.9539418769846436
7768,0.9289814780094497
7769,0.8123760775000064
7770,0.5208275264674697
7771,0.446715648560118
7772,0.8822010301320676
7773,0.772922065668489
7774,0.942661354445171
7775,0.9221798931102804
7776,0.6843092490724948
7777,0.4047671514692028
7778,0.8477010098413036
7779,0.7007508147845434
7780,0.8215549647012477
7781,0.9361480838131288
7782,0.737860803281064
7783,0.8076889269326896
7784,0.04108911949520097
7785,0.04694719187624831
7786,0.876290353726994
7787,0.05686809919647174
7788,0.690958061657649
7789,0.9069792363860666
7790,0.8203552336481664
7791,0.8636503875701617
7792,0.8095779738009888
7793,0.9203706880849589
7794,0.9141307324803023
7795,0.8292156801084457
7796,0.6519758083769251
7797,0.6155645543191572
7798,0.4645607467343544
7799,0.6746077371389798
7800,0.9266011002513037
7801,0.863530409946376
7802,0.7707532604773875
7803,0.7906790926895075
7804,0.8340491978867663
7805,0.63103614703217
7806,0.922285280397173
7807,0.8292237716260851
7808,0.7828730899023439
7809,0.8850745855565263
7810,0.9270858208281328
7811,0.9672450110874993
7812,0.963434896000099
7813,0.35057776331134116
7814,0.9670220816564057
7815,0.836172294884827
7816,0.847380765487475
7817,0.9554451443648598
7818,0.5606338061128007
7819,0.9524781025748468
7820,0.790214049840802
7821,0.9565420563276124
7822,0.9003186312733436
7823,0.5535100503528371
7824,0.6507977856970374
7825,0.9242429996714797
7826,0.8555240790965489
7827,0.7898307372344627
7828,0.5524194039603142
7829,0.7029024249203838
7830,0.6054111257401702
7831,0.9557493357326677
7832,0.8869384728254694
7833,0.3034810401061134
7834,0.9199054692917276
7835,0.40561181547480313
7836,0.8676345611603155
7837,0.9822565964354364
7838,0.9976594672331053
7839,0.11765144616531509
7840,0.07781831255011266
7841,0.06646211124751662
7842,0.06528669409636567
7843,0.7481612556172345
7844,0.8714681314021081
7845,0.9608482503660525
7846,0.9575698248524036
7847,0.793523721451045
7848,0.9986329271125542
7849,0.38644800999461976
7850,0.7612170712705354
7851,0.3011969978872425
7852,0.888864786281773
7853,0.6096287791745838
7854,0.8376971055875129
7855,0.9479374264040116
7856,0.9385681024500767
7857,0.07321325337826357
7858,0.09223454207745378
7859,0.09214207925879318
7860,0.07583227306358996
7861,0.14115489803413778
7862,0.087025296503927
7863,0.10783442898693071
7864,0.06893785962922885
7865,0.06829811890060532
7866,0.06530234481054548
7867,0.06525770810278753
7868,0.03912937096828367
7869,0.033499926608264265
7870,0.05331210374898081
7871,0.0698097386752098
7872,0.05274974378945988
7873,0.05274483254570494
7874,0.41789635031088934
7875,0.4178937449665034
7876,0.20665878120947262
7877,0.11501945123609242
7878,0.05342176537458622
7879,0.06893730792229767
7880,0.06379720916216146
7881,0.06883426986470588
7882,0.9991351268597769
7883,0.8415593236613557
7884,0.9460241837043124
7885,0.9712822931709614
7886,0.9591108812766818
7887,0.6609293972669964
7888,0.8722301882683269
7889,0.9957931986525799
7890,0.928688940528246
7891,0.9283232512136205
7892,0.9218110089763062
7893,0.991213060513156
7894,0.5079193189223846
7895,0.990664918290008
7896,0.6605432357797275
7897,0.6923006791499708
7898,0.9716911794796586
7899,0.6987826620987151
7900,0.9337761959239412
7901,0.69887620558761
7902,0.7650715875121346
7903,0.9030980702026433
7904,0.7079941383156393
7905,0.8301258888144828
7906,0.6990007247057626
7907,0.9788670197516888
7908,0.7225004143006717
7909,0.4664460604837765
7910,0.46427744191972903
7911,0.9182985319856741
7912,0.8178708858981047
7913,0.5714138323868448
7914,0.7615674535260375
7915,0.7543832538352677
7916,0.47237994171981096
7917,0.4786099167619368
7918,0.46686681928413354
7919,0.8918848674579405
7920,0.9647476028753835
7921,0.4743534919221164
7922,0.5425117953850089
7923,0.19363996530841815
7924,0.7583860621186598
7925,0.9430447084780368
7926,0.465592270122734
7927,0.5661753750016245
7928,0.9698266576370734
7929,0.9877972155882524
7930,0.9332468237365082
7931,0.4514723448838499
7932,0.8571278248701896
7933,0.9864897498498406
7934,0.6841115846318035
7935,0.997401480862768
7936,0.9973908208406304
7937,0.7466140968674191
7938,0.16732121866615035
7939,0.6491054909835818
7940,0.6309963341532531
7941,0.8052701763025526
7942,0.35395708823731425
7943,0.9425028824676123
7944,0.6644746969932154
7945,0.9839945424015266
7946,0.15765837684521528
7947,0.7969469835821029
7948,0.45619494851305586
7949,0.7851373825751659
7950,0.17546679510167865
7951,0.8591233859338017
7952,0.5844965679620651
7953,0.669954736575865
7954,0.9456798977930281
7955,0.8717506366773868
7956,0.6457292952430752
7957,0.8091116074390345
7958,0.7649484334496185
7959,0.819575556071557
7960,0.909987517806975
7961,0.6847106387785614
7962,0.5393882586197727
7963,0.9653831239048429
7964,0.6465798987719
7965,0.6599508611840728
7966,0.7901249160948701
7967,0.8595048226517894
7968,0.5069140925517749
7969,0.8878020953533533
7970,0.77813491707283
7971,0.4167207143668816
7972,0.5117572813051101
7973,0.4747096172434947
7974,0.45650246389316435
7975,0.5475140194965331
7976,0.7437571233889342
7977,0.7167590645289138
7978,0.6126220809336946
7979,0.5613970848877583
7980,0.8329617926103685
7981,0.9135251278667732
7982,0.5779195591469248
7983,0.2578719524856731
7984,0.6076372649382591
7985,0.8657537405812998
7986,0.801778919038421
7987,0.5296302907643129
7988,0.8198127168413338
7989,0.9651515331625155
7990,0.6888216748023972
7991,0.9092057919121772
7992,0.6339983101496695
7993,0.9938463407994713
7994,0.744674859733473
7995,0.9986715748769881
7996,0.9705234341620482
7997,0.9917157229294834
7998,0.9981912671931332
7999,0.9983291302509943
8000,0.666995286589327
8001,0.48427842547076844
8002,0.3927266879021007
8003,0.42915758171965096
8004,0.669551079727833
8005,0.7811297819081524
8006,0.9906896329520354
8007,0.6562228203273047
8008,0.5987132172283932
8009,0.8029865430166669
8010,0.56599364511849
8011,0.36951875126294526
8012,0.34032108181497617
8013,0.5445056918123724
8014,0.8732575989368815
8015,0.017864346756402992
8016,0.013768901959510364
8017,0.8783121890599404
8018,0.9583592189409188
8019,0.8551965210844426
8020,0.48594805380582645
8021,0.9445939997208659
8022,0.020216479348186475
8023,0.2565063831346585
8024,0.6656402489794019
8025,0.4153233463425663
8026,0.032407702365074884
8027,0.01442743255280405
8028,0.3215016385263332
8029,0.9302768560275773
8030,0.29902278330478593
8031,0.9860334247446689
8032,0.7026101221461774
8033,0.9121841604743477
8034,0.9821481329892615
8035,0.9662257934388686
8036,0.09973258360279433
8037,0.45611347943420394
8038,0.9042634491855671
8039,0.8643880269773265
8040,0.8376432966406409
8041,0.9771447159443615
8042,0.8180129684878735
8043,0.9881834641287724
8044,0.9659512549854978
8045,0.6691046992498854
8046,0.7903450822040256
8047,0.870943416799017
8048,0.8198293703955898
8049,0.384597781186591
8050,0.6697310420895108
8051,0.24511141353455146
8052,0.4369562838517243
8053,0.888449060862577
8054,0.882301628348074
8055,0.42628136074916684
8056,0.7360186744299916
8057,0.7303688485104145
8058,0.9793414854235474
8059,0.8269388402266008
8060,0.9998168707878393
8061,0.5080538350222887
8062,0.4756826506806141
8063,0.8614973741313472
8064,0.9916659245174538
8065,0.9648757359897726
8066,0.8945659474288087
8067,0.589551997504265
8068,0.9915483554517794
8069,0.8185635780429337
8070,0.8859484573435975
8071,0.9777260881104468
8072,0.9706012323303187
8073,0.7278075327051473
8074,0.9992812470785126
8075,0.8764504813407091
8076,0.9924922066844981
8077,0.9781028461738078
8078,0.48609196368456203
8079,0.5198705235080522
8080,0.8669743122889171
8081,0.16735582181674774
8082,0.27196450050348947
8083,0.16953362272753314
8084,0.3148396627130238
8085,0.5644614577170819
8086,0.5332164120945442
8087,0.6489103443362254
8088,0.8832777123164923
8089,0.89646381178089
8090,0.9104488014734803
8091,0.7026938228298768
8092,0.8583289316063842
8093,0.44376530464796216
8094,0.9690403756905167
8095,0.47021114497850347
8096,0.4790428272897115
8097,0.9999708730811804
8098,0.7402807249531763
8099,0.2667599677868142
8100,0.2716010476633866
8101,0.7879012636522992
8102,0.9651739778021027
8103,0.14609267986662977
8104,0.9557081906378454
8105,0.6680198794203583
8106,0.9329363140631463
8107,0.2964278945180422
8108,0.9557408473634158
8109,0.9733923244148944
8110,0.9746853760844877
8111,0.9578620462092488
8112,0.3615947481331621
8113,0.49007247244193936
8114,0.8469926368521467
8115,0.8468632817735801
8116,0.016997243828903785
8117,0.956344439804868
8118,0.8103284287247778
8119,0.9714314631502086
8120,0.569902139463989
8121,0.8074008749143056
8122,0.18747168057414498
8123,0.7060087892486343
8124,0.98110368927799
8125,0.43225685968440913
8126,0.8410866699864317
8127,0.4114446336947384
8128,0.4194302761101739
8129,0.9785275877416098
8130,0.6535062953817036
8131,0.8135637500880051
8132,0.911383337478724
8133,0.7175571782565731
8134,0.8749174670076862
8135,0.6006202092416807
8136,0.38019173582372845
8137,0.47770516201616736
8138,0.9395188858229159
8139,0.6838336094024017
8140,0.8199436752077532
8141,0.9452059906265639
8142,0.6506869571014271
8143,0.675112069956198
8144,0.542832536617227
8145,0.9447262879174587
8146,0.8719359064221701
8147,0.6868910006813447
8148,0.7734293432964235
8149,0.7942749666955249
8150,0.8010736782989151
8151,0.8983095495064103
8152,0.8565329155209468
8153,0.5829498579316548
8154,0.4649640659030435
8155,0.4765144573750336
8156,0.8667806901696036
8157,0.8427357711368011
8158,0.9900207123100924
8159,0.8457587526142482
8160,0.9065647490605832
8161,0.9219176350923077
8162,0.5297651534854015
8163,0.7084701948540381
8164,0.800484829433757
8165,0.8006812779142056
8166,0.8952591788103856
8167,0.47126804845229153
8168,0.7744915149673722
8169,0.9205444044933448
8170,0.9939810067448878
8171,0.88232655913627
8172,0.9831593081972783
8173,0.9117502247079337
8174,0.7950129543051981
8175,0.8103141691343013
8176,0.2966575910979561
8177,0.8884067965107011
8178,0.961199806427743
8179,0.9871047366000709
8180,0.7158158602813973
8181,0.9275400035948935
8182,0.49997719139530017
8183,0.4687501016233403
8184,0.23565941797443846
8185,0.9998534477786039
8186,0.9960106495407715
8187,0.9995787934885946
8188,0.473703691730551
8189,0.6948924010883701
8190,0.49132584234868265
8191,0.3299519379040674
8192,0.4585822504939865
8193,0.996148700435955
8194,0.20777249048120827
8195,0.8945751975993508
8196,0.3786475697716573
8197,0.6527231074929863
8198,0.9974575434899395
8199,0.9243351592474861
8200,0.5049821926168143
8201,0.1858109902058567
8202,0.9433590479665357
8203,0.5662686238900083
8204,0.48439799488422647
8205,0.7551732954653114
8206,0.5048352662134975
8207,0.7783833611158182
8208,0.6860428511822118
8209,0.885014910753509
8210,0.7649650621154419
8211,0.7465477466806857
8212,0.9313184357238178
8213,0.13928646591056934
8214,0.4775001437661753
8215,0.9942851335216794
8216,0.7241666155328906
8217,0.9755915644250741
8218,0.6933497765618474
8219,0.688794256538708
8220,0.9933246857427007
8221,0.9483809140370789
8222,0.7675832504100967
8223,0.4818933690935165
8224,0.33905999696593947
8225,0.3286541050724111
8226,0.8325859614421496
8227,0.5708321795529498
8228,0.04824762418617917
8229,0.834148193160259
8230,0.8711524364466428
8231,0.9845556900995037
8232,0.8819455879150306
8233,0.9853993347924339
8234,0.9652153075446083
8235,0.9986430266258974
8236,0.9922262109658759
8237,0.9979778979583596
8238,0.9812214808156557
8239,0.3228017386231873
8240,0.460253554660419
8241,0.3916198831611583
8242,0.9569826023537834
8243,0.2653730688277873
8244,0.8270848203167404
8245,0.6308906216667513
8246,0.9742634709619361
8247,0.9380259458444021
8248,0.0178897251147826
8249,0.9939393886797406
8250,0.023313102940236786
8251,0.989071275527444
8252,0.4156992140230072
8253,0.45318859723173427
8254,0.6900746308586981
8255,0.8635446004069326
8256,0.8843585106975188
8257,0.911133496147363
8258,0.8447260868792238
8259,0.844888543297593
8260,0.8574506565434515
8261,0.9049808558685052
8262,0.9971202205999083
8263,0.7262339812130593
8264,0.8354266323074804
8265,0.8663967374621417
8266,0.8371234284926518
8267,0.6716777622915813
8268,0.765667005265542
8269,0.23779688461343243
8270,0.6366368394419611
8271,0.649610113670327
8272,0.2272762153290999
8273,0.18648200568699833
8274,0.9966718284089915
8275,0.7920117270128157
8276,0.03756026761598235
8277,0.19336164526297753
8278,0.2758808222601748
8279,0.6518711551332452
8280,0.6574212239794336
8281,0.3649924381200763
8282,0.9756991062730577
8283,0.3201672768132408
8284,0.8080324122350774
8285,0.9242297370658035
8286,0.30343522688742064
8287,0.7297984473375648
8288,0.9653713842547876
8289,0.6991722606960814
8290,0.996214420454012
8291,0.9706799695363136
8292,0.06984373745726852
8293,0.13792073501641294
8294,0.9952784133190081
8295,0.9636170955596521
8296,0.34251640553330764
8297,0.8831997606610857
8298,0.8062502297521783
8299,0.024340925691956557
8300,0.9674090655682485
8301,0.9865696084559217
8302,0.9591010014966007
8303,0.25936897379861384
8304,0.999960824400983
8305,0.8652893541574721
8306,0.8258196824258238
8307,0.9980667928962985
8308,0.9822096648353061
8309,0.7686926238003283
8310,0.24112165569157856
8311,0.9997584573587168
8312,0.8896138803374724
8313,0.19809309324805094
8314,0.9899660613395626
8315,0.8073095502585822
8316,0.9103947316893148
8317,0.9031938034208318
8318,0.6168856422541525
8319,0.6280522618322698
8320,0.6909198494361791
8321,0.8917946680921375
8322,0.802878274915394
8323,0.8139425675564318
8324,0.6952582263439595
8325,0.9997355049382606
8326,0.8859073429758746
8327,0.9478104247285032
8328,0.338128418314416
8329,0.9883698806943949
8330,0.8914304813935839
8331,0.6580440121470021
8332,0.2850826879345528
8333,0.9565025752164554
8334,0.7801518590395033
8335,0.9833250968698345
8336,0.9941986112499391
8337,0.7231292429020348
8338,0.5294819419218378
8339,0.9976025947548814
8340,0.9785071342491592
8341,0.9923623710630127
8342,0.9452519365933744
8343,0.36005306255961356
8344,0.9574517645166548
8345,0.6354764164613929
8346,0.9760068515131357
8347,0.9066464996612642
8348,0.5275564193452186
8349,0.9415712278697146
8350,0.6314827981668769
8351,0.9662444877828984
8352,0.9143894338192007
8353,0.5722893101541067
8354,0.9945058744421409
8355,0.8530529974494555
8356,0.9063699851628473
8357,0.836754479988363
8358,0.7795272675426593
8359,0.9792328419415729
8360,0.2242675384699012
8361,0.8592094501971177
8362,0.83358155479034
8363,0.981391858096208
8364,0.9998474539600914
8365,0.9956528821360741
8366,0.9930929975146767
8367,0.9999341711358233
8368,0.7881821715874782
8369,0.9203815386021588
8370,0.698448242129528
8371,0.6425138511671452
8372,0.695197042711552
8373,0.7017168067507651
8374,0.8951947425784079
8375,0.4869712479552276
8376,0.91566717554116
8377,0.87225208331876
8378,0.6546582035572591
8379,0.7524578575894946
8380,0.7375418052456522
8381,0.7285535920927473
8382,0.9154193098794554
8383,0.750938332390005
8384,0.9924644888612639
8385,0.8720796222997192
8386,0.8346558306307313
8387,0.5800743413984195
8388,0.6344230944035918
8389,0.4965748666275211
8390,0.6839319267125292
8391,0.6391035454294333
8392,0.8694848296739095
8393,0.8316329380590529
8394,0.3287973171653953
8395,0.8064623751779058
8396,0.33930684589941973
8397,0.4827172592131083
8398,0.15793164682264338
8399,0.9149563561127495
8400,0.9983847914449562
8401,0.8150811952343763
8402,0.8768015398257033
8403,0.7571473255298521
8404,0.9981878646533657
8405,0.563266741083723
8406,0.9922284370013342
8407,0.9962307715866461
8408,0.8929412638194557
8409,0.8883343847686693
8410,0.8715518717158964
8411,0.8283090028438937
8412,0.8971009700148717
8413,0.5661439194801114
8414,0.6784836925094623
8415,0.8654442663712627
8416,0.4098708865075911
8417,0.6662380672107941
8418,0.3953536639768665
8419,0.858107699723586
8420,0.7149726272030608
8421,0.97910207656311
8422,0.9908941392693804
8423,0.5059487152463626
8424,0.40460819527614195
8425,0.6719738180826489
8426,0.6033848222015498
8427,0.9552844487550611
8428,0.9011650221858571
8429,0.827417456724326
8430,0.7974805330915556
8431,0.9751652849844495
8432,0.9607316624746903
8433,0.9765477739684698
8434,0.857261396187251
8435,0.8801264682920246
8436,0.9827598188664131
8437,0.8407304067164869
8438,0.29103141035020813
8439,0.7363819756129214
8440,0.9999044412575002
8441,0.722690407124453
8442,0.8839287878366633
8443,0.6963858926575865
8444,0.9496635158671836
8445,0.8842479723839506
8446,0.8590183610301101
8447,0.9869523917997115
8448,0.9946280051044706
8449,0.9983217496759592
8450,0.8142206290967086
8451,0.9877890398112162
8452,0.3317308936909884
8453,0.6972369539158102
8454,0.972144878932555
8455,0.9952947935515379
8456,0.9855102476436068
8457,0.8050749281867765
8458,0.780170494794929
8459,0.5471803923821379
8460,0.8455701402852654
8461,0.8589880380317316
8462,0.5779160203446438
8463,0.9197056772197627
8464,0.7111151179280554
8465,0.9131533201533544
8466,0.9836050565238126
8467,0.9881812526459081
8468,0.5498319353617489
8469,0.6833721189251065
8470,0.9587516617005184
8471,0.2706068946723606
8472,0.6893762085060692
8473,0.9229735383301823
8474,0.7297360157774296
8475,0.6420294727472776
8476,0.8329518733802931
8477,0.9907720075399838
8478,0.6264830917548082
8479,0.9140507880632238
8480,0.6633661928094835
8481,0.9310633700743248
8482,0.8046783666199441
8483,0.8468145489929687
8484,0.6352860953146321
8485,0.6423330710520919
8486,0.6028502217331808
8487,0.9768077862116388
8488,0.9974156343398018
8489,0.6032190151709738
8490,0.8528162216113232
8491,0.9016121888987106
8492,0.8421054580488432
8493,0.8187361485855357
8494,0.7490373773541875
8495,0.9367721055449748
8496,0.8992011156544031
8497,0.2945958102322837
8498,0.8422868033233275
8499,0.9386603338657395
8500,0.6698381499947268
8501,0.5191103951958193
8502,0.6699641269315432
8503,0.32459862819274626
8504,0.9020256638847747
8505,0.8872849304883637
8506,0.7395411353059963
8507,0.9915553403760166
8508,0.32987902899113647
8509,0.9512491947880305
8510,0.9613269712032938
8511,0.9581624665721659
8512,0.9973614849733149
8513,0.8840425544098452
8514,0.815599615704327
8515,0.9236056787058569
8516,0.5541724519174436
8517,0.6206319067727697
8518,0.8836315226163272
8519,0.9728767907777542
8520,0.9727122748756752
8521,0.8606420327303116
8522,0.6025460467015545
8523,0.1721551055758959
8524,0.1841518871111493
8525,0.7411497451665994
8526,0.9782749609610333
8527,0.8531580703380626
8528,0.8646831598575018
8529,0.9027859687211158
8530,0.8330716992903695
8531,0.5239024872165885
8532,0.9854617678931119
8533,0.9351051684204102
8534,0.6700267940766802
8535,0.95484093874446
8536,0.7578636757417754
8537,0.9827004127345356
8538,0.5973917300012839
8539,0.2705833728058213
8540,0.8233476975980164
8541,0.5228256016281912
8542,0.631553319358819
8543,0.8520547793115723
8544,0.6028858970598707
8545,0.6040673087090179
8546,0.9155393819967101
8547,0.6927754963562626
8548,0.6824409991861866
8549,0.9071308428921648
8550,0.7885410621770057
8551,0.9625612341728261
8552,0.6239438749463242
8553,0.9958687488160736
8554,0.7907175220688635
8555,0.9998385477436719
8556,0.6669333341984724
8557,0.4835212525577012
8558,0.908164642691004
8559,0.7679598983420148
8560,0.910827588460168
8561,0.9000947613765541
8562,0.8752542524057887
8563,0.9171852071524552
8564,0.8936868932764079
8565,0.9438585928529875
8566,0.9741280172666482
8567,0.94081271369446
8568,0.7035741668046058
8569,0.8298160638873433
8570,0.6927724087890258
8571,0.7401656039085238
8572,0.8169493190355207
8573,0.895532320393233
8574,0.854003602239038
8575,0.923489120872226
8576,0.8992653189651219
8577,0.7519444829068296
8578,0.6670008680474693
8579,0.9579218941337937
8580,0.9093064718523325
8581,0.9217658041507466
8582,0.896443691399272
8583,0.9313332260381342
8584,0.9041225481295564
8585,0.8872199537844354
8586,0.8736593212457621
8587,0.7115918466411331
8588,0.5646797576725786
8589,0.9256700209820965
8590,0.9667478873904901
8591,0.8024490516293833
8592,0.912600305531525
8593,0.9265305304266447
8594,0.47376838116586956
8595,0.5352264970944688
8596,0.6235694666792347
8597,0.8585375186805343
8598,0.9435707942407053
8599,0.8895352205691274
8600,0.9831133229682972
8601,0.6600443574983851
8602,0.8862648285244228
8603,0.7184680138341858
8604,0.8990914406578326
8605,0.8030892070779564
8606,0.9957950714235656
8607,0.9850705947981707
8608,0.954949802436071
8609,0.9046849370590552
8610,0.6496432438317524
8611,0.9349689073429107
8612,0.9298534245586575
8613,0.9404416221968543
8614,0.5486281397985254
8615,0.8650596144306048
8616,0.4959438091601142
8617,0.6692404952465268
8618,0.887399479792915
8619,0.7868288464862261
8620,0.7152370805595307
8621,0.9998828116046272
8622,0.893630608110206
8623,0.9267807739078823
8624,0.7234787162375014
8625,0.9319152025249877
8626,0.2836620011242527
8627,0.9465431476581272
8628,0.9406384469852033
8629,0.8945881794040268
8630,0.4826968914342217
8631,0.737399893111513
8632,0.5451751513234052
8633,0.44352177298349993
8634,0.911809536964973
8635,0.9169542047673465
8636,0.8267966088503653
8637,0.8783303553322894
8638,0.8496559113666627
8639,0.8249304173645475
8640,0.8419285621378179
8641,0.8475654079740287
8642,0.8142526467724626
8643,0.7994301352736444
8644,0.9270351642266048
8645,0.7689007299397584
8646,0.9299037157482865
8647,0.9164009335661232
8648,0.7436969791239117
8649,0.9216864325604012
8650,0.8864991209167603
8651,0.9012595007854113
8652,0.8219212070597105
8653,0.6970312972506041
8654,0.9999542809382365
8655,0.8055104187474521
8656,0.9807458494826174
8657,0.9170185794850283
8658,0.9859775186996602
8659,0.9639150700791823
8660,0.17778353042688175
8661,0.7958680198560173
8662,0.8407315078957566
8663,0.9104967597290053
8664,0.04335095917274879
8665,0.954187145998785
8666,0.29022821842503055
8667,0.9206239027814089
8668,0.9592544607615852
8669,0.7136835258010064
8670,0.9401942345445622
8671,0.06689647324371285
8672,0.9724001723049868
8673,0.9587466137208286
8674,0.6674236519645614
8675,0.8361830210340971
8676,0.6295794693719274
8677,0.6235158535347836
8678,0.9809186794963719
8679,0.9901194310620988
8680,0.8235530538662695
8681,0.8075410335141138
8682,0.9902386793775477
8683,0.7619997117307395
8684,0.9564344807736636
8685,0.9501681786691655
8686,0.9585217265034015
8687,0.950235139821488
8688,0.9232855015171174
8689,0.9690062991598657
8690,0.27172966952426564
8691,0.3829777229270444
8692,0.7491281374319785
8693,0.7064587596252259
8694,0.9933630279849501
8695,0.48917390469403815
8696,0.4173288693650757
8697,0.998969465553274
8698,0.999894457394305
8699,0.6384704545703755
8700,0.7394589112320306
8701,0.9810320849816231
8702,0.824890581288614
8703,0.9920065779754064
8704,0.8587911670905561
8705,0.8045557095385273
8706,0.6417161506909954
8707,0.7330804356244849
8708,0.837812608626993
8709,0.8112974858815654
8710,0.6738015421126411
8711,0.2653469240693776
8712,0.6510448133372538
8713,0.5577554641983407
8714,0.9674185615655155
8715,0.8050686453949507
8716,0.9060144237104002
8717,0.7130558480517362
8718,0.9830388127983936
8719,0.7724011273309325
8720,0.4632519871965449
8721,0.9991242862596696
8722,0.9983216627330128
8723,0.907683780584769
8724,0.7195899795708883
8725,0.8703597358984692
8726,0.8284301778795409
8727,0.9279406949986683
8728,0.3513653172226799
8729,0.9946075731240751
8730,0.9973373973598152
8731,0.9218386745173668
8732,0.5371168314852363
8733,0.9198566733285831
8734,0.9102129121816915
8735,0.910561199284551
8736,0.7888891172871186
8737,0.8970111685275782
8738,0.8538860928721212
8739,0.9928354433008295
8740,0.9293563822913377
8741,0.4380650927474287
8742,0.819141908424979
8743,0.5655158671159032
8744,0.9541085498500335
8745,0.8906512218137448
8746,0.9999877261658423
8747,0.9090669199849655
8748,0.8520277452123491
8749,0.9936228806917896
8750,0.9700481673065257
8751,0.9250638086751903
8752,0.8362863435354477
8753,0.8616991375052508
8754,0.6760448802907646
8755,0.5708159843659668
8756,0.8359898210364265
8757,0.9896131346725973
8758,0.8126568993097559
8759,0.8028154709963672
8760,0.9596668436206068
8761,0.8518549791484171
8762,0.9171455851373004
8763,0.9899060272085805
8764,0.8565141623576796
8765,0.9580535344607601
8766,0.9445406089227052
8767,0.8593110207633542
8768,0.5764443965259055
8769,0.8326638784166039
8770,0.8904190325634489
8771,0.7332901875716307
8772,0.8784517386270705
8773,0.9231407953233981
8774,0.7878389472565942
8775,0.8146825184169199
8776,0.9999653428503508
8777,0.6531086415317038
8778,0.8295887378497414
8779,0.8519254543673996
8780,0.8916358354874355
8781,0.7317401264171172
8782,0.49642931870808116
8783,0.6493700092326501
8784,0.1464883214148216
8785,0.5954383434149738
8786,0.30463955522161806
8787,0.7872891228202138
8788,0.8688456654224481
8789,0.7183319426649301
8790,0.32648803582145597
8791,0.9260396159015891
8792,0.5041063504361126
8793,0.8035016760857119
8794,0.721501641569486
8795,0.8960817011400839
8796,0.8194107304483235
8797,0.9115559951295232
8798,0.9114015809185059
8799,0.9410275956982972
8800,0.8722937883609916
8801,0.7386424468293822
8802,0.4094410007529168
8803,0.730704582453777
8804,0.636858445246315
8805,0.7790952173334948
8806,0.019839695124868023
8807,0.9567834756864065
8808,0.9739135596819388
8809,0.9977500457749748
8810,0.9900603913177571
8811,0.6391376398112965
8812,0.8020378133049566
8813,0.8385412256002441
8814,0.4615540809219735
8815,0.5945908197665984
8816,0.31787368565573215
8817,0.7551807967870282
8818,0.830995915401103
8819,0.749653390230332
8820,0.7287344216027222
8821,0.7038481459105335
8822,0.879617564462265
8823,0.8893728907404227
8824,0.6380357288890823
8825,0.6179416055534278
8826,0.8788041103664194
8827,0.6393674817184251
8828,0.9312719552803085
8829,0.9174170122042166
8830,0.9952008073615904
8831,0.9515490361727309
8832,0.972822344061329
8833,0.7643136030196923
8834,0.7813867916173964
8835,0.6614576903381314
8836,0.9805689861314927
8837,0.6759121012483067
8838,0.8535425484364965
8839,0.9999795630069905
8840,0.7282640368777701
8841,0.5514350566468951
8842,0.9999380494493195
8843,0.5601623644389427
8844,0.8654418836644727
8845,0.9524671618201979
8846,0.6166769544216956
8847,0.5411146372338439
8848,0.8470482029194862
8849,0.8304525005700444
8850,0.6666149018469844
8851,0.9991106315935456
8852,0.9654249600713826
8853,0.8446960382611615
8854,0.9765186055272351
8855,0.5675522231682008
8856,0.9967631926010776
8857,0.8869638764656529
8858,0.9922900360734516
8859,0.9389616847088722
8860,0.9965875230063311
8861,0.9708290382049372
8862,0.7721319287138664
8863,0.9751660186261288
8864,0.9943924674349971
8865,0.9478487502712876
8866,0.9427172941944962
8867,0.7342671706480189
8868,0.9932619721130314
8869,0.7196129740413545
8870,0.9163185264057543
8871,0.5756394312312414
8872,0.8231036757495998
8873,0.8220818895668843
8874,0.5745914154763198
8875,0.768414280441748
8876,0.8351809694697298
8877,0.9982446329094458
8878,0.7308438950944565
8879,0.6779802329559634
8880,0.4723367909144211
8881,0.7991058462245106
8882,0.8436200330534465
8883,0.9354632043120295
8884,0.8717953240986509
8885,0.8409198116641057
8886,0.886516646571684
8887,0.7295960625859673
8888,0.7698116831732569
8889,0.5504726309129518
8890,0.7810493896488097
8891,0.7488428943624815
8892,0.6017421409299051
8893,0.4681573409568994
8894,0.6955416645181502
8895,0.9950748723328958
8896,0.638903493620044
8897,0.760699467801862
8898,0.5112263084384091
8899,0.6922831914653321
8900,0.787140337982397
8901,0.28846510721409263
8902,0.7852031674424083
8903,0.8567549348715113
8904,0.9393529888056189
8905,0.9601188265973534
8906,0.9647690454086537
8907,0.9492690966174406
8908,0.48340986047263695
8909,0.5807364161947554
8910,0.293342651113546
8911,0.5581713475238699
8912,0.9945011771477296
8913,0.9695995934120839
8914,0.5357862788261
8915,0.8710725234970609
8916,0.9958287049820487
8917,0.6673274954828174
8918,0.9757042499002765
8919,0.9404689231422538
8920,0.832732404541987
8921,0.978288437557067
8922,0.9984179218540311
8923,0.9773749288705369
8924,0.6370004687610749
8925,0.8921585262525845
8926,0.7909152621565321
8927,0.5706427507039858
8928,0.7280843737140357
8929,0.892486603289484
8930,0.8765682461297868
8931,0.6321972295454961
8932,0.0914894709716135
8933,0.9744267156708895
8934,0.5544002559899648
8935,0.7164518327294569
8936,0.735485280854054
8937,0.6806456801044696
8938,0.8893013528720363
8939,0.9310545369660337
8940,0.6099272355075712
8941,0.9586822865899869
8942,0.7558766546174013
8943,0.947515080999015
8944,0.9563305621659502
8945,0.8403750041588719
8946,0.6238820231958533
8947,0.9679418046843561
8948,0.9086976159255183
8949,0.7319740166883739
8950,0.8709676706744879
8951,0.6014151699283667
8952,0.8594204788191181
8953,0.9930853081877442
8954,0.9973186113651943
8955,0.9687543795241623
8956,0.943081424832938
8957,0.7469284421616773
8958,0.907452382762983
8959,0.8581538406275099
8960,0.8695928651148119
8961,0.8419424783031948
8962,0.672009350553508
8963,0.5159908056800548
8964,0.9944060223432689
8965,0.5960624104322618
8966,0.9419291023543298
8967,0.9894606022052131
8968,0.9993874894656206
8969,0.868434517181622
8970,0.856081618626418
8971,0.5185869910628209
8972,0.17587005181770413
8973,0.3868296780445687
8974,0.7356227403333144
8975,0.6153362311357576
8976,0.40665155601230285
8977,0.914301956164329
8978,0.8651078474086271
8979,0.8079924883246306
8980,0.5549703292725109
8981,0.8194231828673216
8982,0.5759978152362675
8983,0.9614080415616291
8984,0.7914945914692003
8985,0.39157625222142295
8986,0.9552744580431827
8987,0.9476766994947725
8988,0.8443469905488493
8989,0.8220362620575905
8990,0.759119240831394
8991,0.9242616145178448
8992,0.9999617479328358
8993,0.469548012794526
8994,5.242690515812391e-05
8995,0.7275912929842268
8996,0.936879336948303
8997,0.6197841966093359
8998,0.9414829204542086
8999,0.9104636373217477
9000,0.37781080478328305
9001,0.3216441084991447
9002,0.8101395835758236
9003,0.8516166945651914
9004,0.6972133771105176
9005,0.5087640124055943
9006,0.8819264343472079
9007,0.8951745488553529
9008,0.8267873780739673
9009,0.5352124354586154
9010,0.9368675112112337
9011,0.5005538740563499
9012,0.35375174672871007
9013,0.5794698739385996
9014,0.636654631463454
9015,0.40540839469917633
9016,0.999957549674521
9017,0.39157625222142295
9018,0.49306155443271965
9019,0.49318332768439727
9020,0.8061662933678698
9021,0.8942891569222549
9022,0.6072792679106717
9023,0.9987656926731125
9024,0.39117008559906297
9025,0.9464517137203761
9026,0.9771870249622795
9027,0.9227366397967015
9028,0.8171240947219064
9029,0.8151159884400336
9030,0.38884587587237884
9031,0.9447366190737223
9032,0.9745387688694439
9033,0.3411557440549494
9034,0.4693651853190408
9035,0.3249132894822417
9036,0.7645461464656503
9037,0.9712865737570403
9038,0.7731373368716209
9039,0.8063577459516662
9040,0.810373774787134
9041,0.9300835730316491
9042,0.8040028854525175
9043,0.7889130583562841
9044,0.9444853317068606
9045,0.6959400702768563
9046,0.6660886215270161
9047,0.977727640951089
9048,0.44525160315827134
9049,0.7282827366068801
9050,0.74179083184669
9051,0.7739745510551086
9052,0.8879452198774765
9053,0.8400158866303876
9054,0.40899991310537737
9055,0.32738801644707366
9056,0.963899966980055
9057,0.9621788988522791
9058,0.6108220244771656
9059,0.9677736779386109
9060,0.37971384648622936
9061,0.769553467726317
9062,0.4189302483142106
9063,0.9979282068852718
9064,0.5404675573680384
9065,0.6327587212658032
9066,0.6807698509591548
9067,0.6344040664895981
9068,0.9303520692887256
9069,0.08795093312356701
9070,0.8546361726233468
9071,0.8046157803128536
9072,0.6559859021623352
9073,0.7675503909107848
9074,0.11862314242607089
9075,0.235223038445366
9076,0.7556857109240709
9077,0.5084082222270776
9078,0.9699263221777816
9079,0.5977761649852363
9080,0.8139278493495914
9081,0.8430022565311994
9082,0.38245723076213517
9083,0.9118683349125929
9084,0.9655154073028964
9085,0.39310693520746176
9086,0.4040667378480246
9087,0.9456212018159835
9088,0.664713489565839
9089,0.9500503250559338
9090,0.9703440563298762
9091,0.8679013043425702
9092,0.28510452159725846
9093,0.44968993639896154
9094,0.916981451982953
9095,0.9644885526683652
9096,0.9347969507217566
9097,0.8767733215409058
9098,0.6662534258857773
9099,0.9143554403946665
9100,0.37403849770809594
9101,0.9944170829377766
9102,0.9017522919638118
9103,0.9718165404314902
9104,0.8295262571519872
9105,0.6545176398092439
9106,0.7123005223796643
9107,0.8311581155665982
9108,0.9545162793345864
9109,0.9051067609979612
9110,0.8683377213261954
9111,0.3072867796448303
9112,0.99569248912135
9113,0.8918950180531184
9114,0.8629966224202978
9115,0.9691122069589263
9116,0.8172655721283086
9117,0.1838846387727893
9118,0.972560217798748
9119,0.9419480152206431
9120,0.8348861730271053
9121,0.9338611025360144
9122,0.9973418427516018
9123,0.9999953308527227
9124,0.5802739647455383
9125,0.9519133250942727
9126,0.18531404306860041
9127,0.9554581734868478
9128,0.40462888405515424
9129,0.32011985276824956
9130,0.3678656135223549
9131,0.6589037575447518
9132,0.8433544030957094
9133,0.9653810406368684
9134,0.18675998683418263
9135,0.9477800465903672
9136,0.951918465294143
9137,0.9136900902177232
9138,0.9488751259405243
9139,0.9046646778565174
9140,0.9211929038650344
9141,0.6089640269598485
9142,0.9323615135401871
9143,0.07409274554707683
9144,5.430605794615743e-05
9145,0.8188582337459508
9146,3.191348857215107e-05
9147,0.9707206363120333
9148,0.9957740746605808
9149,0.7886150451279029
9150,0.15262338572599912
9151,0.8134136230812204
9152,0.25762671772011736
9153,0.6108631158383407
9154,0.5414547330921979
9155,0.9756621017542362
9156,0.9613962654958951
9157,0.9646795012416118
9158,0.41254376212334876
9159,0.7484314458863723
9160,0.6965783315707396
9161,0.9996419908509955
9162,0.8413141523214962
9163,0.8402126624676499
9164,0.7757218006889355
9165,0.6467765458811127
9166,0.7655240157068778
9167,0.5080998181055615
9168,0.8111887329379633
9169,0.8309204970683038
9170,0.3171602813038924
9171,0.9853869887403268
9172,0.21614581960597165
9173,0.5054055577364911
9174,0.2948109202208514
9175,0.32603144666950157
9176,0.3131892571231522
9177,0.9479621439827993
9178,0.7566290463205896
9179,0.9999874151651275
9180,0.9502367784279988
9181,0.8537784036705218
9182,0.7085288282415022
9183,0.8825136255120237
9184,0.4421010704947208
9185,0.7829269150218084
9186,0.8365325110964145
9187,0.9926334131452867
9188,0.5487132652828326
9189,0.9986055931649576
9190,0.8662902401009763
9191,0.8422355654552647
9192,0.7283152280104019
9193,0.8592022336581034
9194,0.8690903039618832
9195,0.7956711402057884
9196,0.8662724369996194
9197,0.42020064022436465
9198,0.8476263917354289
9199,0.7819452436112544
9200,0.9989367036581936
9201,0.6231904454166464
9202,0.8517900715760113
9203,0.8428705844990276
9204,0.9117472420216255
9205,0.7512025987461157
9206,0.7070099827773548
9207,0.7306329485043641
9208,0.732607601603475
9209,0.9815557911784165
9210,0.32638145787539175
9211,0.9968487819301486
9212,0.06200219776421948
9213,0.6498299620252362
9214,0.5237761662286948
9215,0.9425462310761964
9216,0.6653046466356615
9217,0.8145856194976336
9218,0.8551310664829279
9219,0.8553873101222763
9220,0.8670310510539037
9221,0.9987685231322733
9222,0.4619262524720277
9223,0.9799374423540258
9224,0.7083082648492488
9225,0.9272785974251097
9226,0.776673523934154
9227,0.8858076969753398
9228,0.8096899882098954
9229,0.8201542296891726
9230,0.6542011259844734
9231,0.8120620020666284
9232,0.8718460103128454
9233,0.8614469922779745
9234,0.8845530346359158
9235,0.9748512715879948
9236,0.9713208218576974
9237,0.9673972426563573
9238,0.3630301234132364
9239,0.34046198984527654
9240,0.9032179779276034
9241,0.4880576351317861
9242,0.8801288662397165
9243,0.9698445925160316
9244,0.4856522369580883
9245,0.958894923539708
9246,0.6717012064071569
9247,0.990797941105133
9248,0.9825779669930285
9249,0.6589733120686222
9250,0.5091158569917914
9251,0.9707858201861465
9252,0.9909050544999047
9253,0.9012745110121226
9254,0.9823894269419079
9255,0.9928196372083647
9256,0.9720400850739671
9257,0.9225038283600986
9258,0.8444826227517761
9259,0.9326659180289982
9260,0.6393796491509582
9261,0.6944739004217186
9262,0.8994500305766414
9263,0.9898316730619242
9264,0.9774421326644708
9265,0.9872452832992042
9266,0.5297954704902598
9267,0.9781714847830546
9268,0.9745125790292389
9269,0.8449767977565845
9270,0.9712469858256023
9271,0.7067362742153483
9272,0.37790484207095615
9273,0.031201374408942634
9274,0.030386966735158324
9275,0.655476461295235
9276,0.9408771752206269
9277,0.7069285125446088
9278,0.590961940069115
9279,0.7255307922731049
9280,0.6741045833859662
9281,0.9950917585174587
9282,0.44591087413936964
9283,0.990082410834783
9284,0.9779199427776519
9285,0.6383017223542035
9286,0.987868137957745
9287,0.8935710626894062
9288,0.9876351002224452
9289,0.9262213098338722
9290,0.44535004323893573
9291,0.8341460330353816
9292,0.9935264912577573
9293,0.7602009029081503
9294,0.9990433964198215
9295,0.9471096960668615
9296,0.9428719486610175
9297,0.8941123801183064
9298,0.9843816565536815
9299,0.9032551150950888
9300,0.8245405226397521
9301,0.47373223853949775
9302,0.9580419316038031
9303,0.5753652979023541
9304,0.864530255745963
9305,0.8768231816682373
9306,0.9812828275262075
9307,0.6678919287719287
9308,0.16645420609641529
9309,0.8976692245338342
9310,0.994196366538164
9311,0.8670735526848292
9312,0.7355089092354593
9313,0.030492802027032428
9314,0.030818638395710085
9315,0.034077561975859684
9316,0.031039094261188734
9317,0.9885118343567381
9318,0.2766936984072137
9319,0.9860680981816351
9320,0.9987762603786918
9321,0.42069685970397463
9322,0.8718142193895134
9323,0.8012856994739158
9324,4.867335808626272e-05
9325,0.8743395920716549
9326,0.8779965899338925
9327,0.8544330243055873
9328,0.7674753743810578
9329,0.9136682215352689
9330,0.7404127411154358
9331,0.8543076201234735
9332,0.9268707884046499
9333,0.8870576520516905
9334,0.20078501332264606
9335,0.9156937720139401
9336,0.8108882938986699
9337,0.8614242636987769
9338,0.8917312862762787
9339,0.8953006938209829
9340,0.32491458266840967
9341,0.8680996904877359
9342,0.8584052583514514
9343,0.31554967004394824
9344,0.3015179919328231
9345,0.9734989793054906
9346,0.9443877164184552
9347,0.9651571813520715
9348,0.9753037644944925
9349,0.979088689653779
9350,0.9740611177120884
9351,0.611129981833012
9352,0.6094790346902637
9353,0.5558283504065697
9354,0.6825601830204386
9355,0.5680585127966516
9356,0.5043966534681791
9357,0.542712270372623
9358,0.9948297026022347
9359,0.9997022539590936
9360,0.9753850830606198
9361,0.9716390279621271
9362,0.999032620960715
9363,0.7122709604957487
9364,0.9631971805297269
9365,0.9771375040067108
9366,0.9674832528653505
9367,0.9666349389593675
9368,0.7883888596289175
9369,0.19255999844488503
9370,0.9433603206036287
9371,0.9828438144809744
9372,0.9706633022429367
9373,0.9711499609698006
9374,0.6894905384504606
9375,0.5865564391232846
9376,0.7599406886905465
9377,0.531132395380399
9378,0.9849594997311655
9379,0.9013859142391876
9380,0.9786875177382481
9381,0.07270274600472756
9382,0.011219966340947433
9383,0.9736733117252087
9384,0.9706477875699622
9385,0.9115017291185041
9386,0.7733436750901455
9387,0.8029680435735514
9388,0.41610773832481635
9389,0.6459212620726597
9390,0.6846937755794977
9391,0.7750921901971657
9392,0.9779369570150802
9393,0.9841923706985346
9394,0.9652489132823089
9395,0.7844234127440052
9396,0.9079505903895394
9397,0.5470016140779912
9398,0.6808823458972914
9399,0.9583305490111946
9400,0.2589908670436737
9401,0.9758514722582455
9402,0.935100895288787
9403,0.9728009972000381
9404,0.9791041239257973
9405,0.7803178077687244
9406,0.9849885441332015
9407,0.9156326687087687
9408,0.8200871431394192
9409,0.4097490697835808
9410,0.9338338524976916
9411,0.9974312085839234
9412,0.9821590365515974
9413,0.9764927748148131
9414,0.8539261438857539
9415,0.9390625166987604
9416,0.6481746725580765
9417,0.7669268333236169
9418,0.6237959311245023
9419,0.6431299215798573
9420,0.428984087078907
9421,0.8728668189127377
9422,0.7205229224637757
9423,0.9675291177513834
9424,0.07940314433463595
9425,0.9775109539169115
9426,0.6552293356084835
9427,0.9860035014541212
9428,0.7118858230433417
9429,0.07042435574433091
9430,0.9256650040682979
9431,0.8092343668474844
9432,0.7598094535336554
9433,0.9769853873292633
9434,0.7386630644280845
9435,0.3627492980775924
9436,0.9779710962610032
9437,0.8055457892895682
9438,0.5316819217840694
9439,0.9896105238867801
9440,0.991001701025379
9441,0.7970714659866706
9442,0.9958181479765901
9443,0.8250995885642399
9444,0.9583118674312794
9445,0.8598773094356473
9446,0.07641643607916819
9447,0.9999009500064231
9448,0.9977974704005004
9449,0.9834481016483114
9450,0.8643078898751965
9451,0.6656449799033919
9452,0.9891327862704996
9453,0.9785813649267978
9454,0.9963892253308159
9455,0.9148126190489646
9456,0.9157013479539523
9457,0.825416849083979
9458,0.9475657022191065
9459,0.9699031260414488
9460,0.3452413625652261
9461,0.38043247613401243
9462,0.8535201898458296
9463,0.9432203041787356
9464,0.29566213500787897
9465,0.19563398319863992
9466,0.473965312863542
9467,0.8295920191388428
9468,0.9462365897315114
9469,0.5058232142087843
9470,0.8242615130943947
9471,0.8025121824440805
9472,0.7746775417788531
9473,0.7939722655029969
9474,0.654083461826228
9475,0.819523972739132
9476,0.6535407589153783
9477,0.9273168265301296
9478,0.9373507442529758
9479,0.9470963256969313
9480,0.913717308583158
9481,0.9403867087799741
9482,0.939031232506078
9483,0.9198735646544591
9484,0.6879369985920182
9485,0.848646082599494
9486,0.996257155281054
9487,0.8168743285881178
9488,0.8491199286836034
9489,0.500593065832244
9490,0.9204220527694257
9491,0.8366942720072837
9492,0.5556163186417566
9493,0.9055213865353477
9494,0.8681859873742246
9495,0.9409055819386115
9496,0.9097317759126616
9497,0.8733115564911887
9498,0.8040189540218233
9499,0.782285511445005
9500,0.39256216012232376
9501,0.7581105945423858
9502,0.9788986226066885
9503,0.9322790024504908
9504,0.6072820836620902
9505,0.9422424120999511
9506,0.9401577106494013
9507,0.9107317444451769
9508,0.8943551394971825
9509,0.7518586382777954
9510,0.9984091638377509
9511,0.9575341154529196
9512,0.9492298593746376
9513,0.7925483476493459
9514,0.9658697921640658
9515,0.9655493622017601
9516,0.9328315753775619
9517,0.9239325857750408
9518,0.9340885394285604
9519,0.5016326158756156
9520,0.8614489114092881
9521,0.9477036345747938
9522,0.6486242659412247
9523,0.8655770671315276
9524,0.8664778398602637
9525,0.9421047279178214
9526,0.34697925971016086
9527,0.5666550768437093
9528,0.9031894061393392
9529,0.9049545013527954
9530,0.8920284204359673
9531,0.6889672922329437
9532,0.7830601253392812
9533,0.7764035842905632
9534,0.975871108596361
9535,0.3319642302982094
9536,0.9998687521488591
9537,0.7949919017906864
9538,0.740911759723655
9539,0.921985113113366
9540,0.9136785573807316
9541,0.9379258571279425
9542,0.558431023373928
9543,0.999675921103113
9544,0.7396040173704347
9545,0.38217290704119516
9546,0.9261388747487411
9547,0.9453455210955694
9548,0.7184811429115631
9549,0.9471781532436505
9550,0.9466968152653119
9551,0.7099850122140686
9552,0.6851158531230929
9553,0.9881646635111618
9554,0.21264236329116135
9555,0.49618283088568416
9556,0.6417997708487457
9557,0.9498514702337293
9558,0.9009512384749297
9559,0.6994280693236568
9560,0.5927332039284108
9561,0.8968973174311133
9562,0.9052419420809562
9563,0.8308295687321915
9564,0.9578108861092923
9565,0.7019404735806015
9566,0.8059541661709988
9567,0.8315161009902304
9568,0.870800586705168
9569,0.8489881882440898
9570,0.537584229869127
9571,0.9599273218263378
9572,0.7306379316327183
9573,0.837143729606658
9574,0.6992473265461483
9575,0.8734028423466776
9576,0.9987869413302163
9577,0.8493639477964481
9578,0.9307170323140403
9579,0.5423868028278374
9580,0.7343642076611985
9581,0.8898081046849579
9582,0.9207130886145108
9583,0.989827055302156
9584,0.8229401982835687
9585,0.8467305993997911
9586,0.8789092117700265
9587,0.9673836508772519
9588,0.8767018625308614
9589,0.9845654453520916
9590,0.43129614040385306
9591,0.9999787833577973
9592,0.9403893335966377
9593,0.7010632281666451
9594,0.8761435500788621
9595,0.8454193383345852
9596,0.7982258927708473
9597,0.900463648414321
9598,0.80912855301917
9599,0.6599603451467511
9600,0.8789656705663819
9601,0.8665665311075947
9602,0.9778216276707531
9603,0.6610805267829326
9604,0.9844905166709105
9605,0.9864115411537516
9606,0.9980820848843535
9607,0.7930418020485811
9608,0.9963186811220606
9609,0.7288244791637271
9610,0.9999893667363083
9611,0.8175297387440785
9612,0.7763726430091654
9613,0.9424611501368212
9614,0.936401252657447
9615,0.904185442430054
9616,0.24970369063504388
9617,0.469522192117131
9618,0.9313073669860569
9619,0.9687012470790657
9620,0.9910354775199046
9621,0.5268768225129097
9622,0.9994405445840162
9623,0.984604111372657
9624,0.7673148744103119
9625,0.8566998361658956
9626,0.06154955453892411
9627,0.9994608703197639
9628,0.2330171062693334
9629,0.7193517549495528
9630,0.6934527557832912
9631,0.9818150754317938
9632,0.8440537811851976
9633,0.847508857803886
9634,0.7163793061661682
9635,0.9046116863058283
9636,0.8061471513689222
9637,0.8627222749545572
9638,0.9565094003293875
9639,0.9363585118757917
9640,0.8688945264464287
9641,0.9790827008251184
9642,0.3996986956933961
9643,0.8465099087452544
9644,0.9911538570721538
9645,0.6680707238275888
9646,0.9240752127210001
9647,0.9867257060142524
9648,0.9420925368039145
9649,0.8596281320297081
9650,0.8435436949575156
9651,0.6241688559493912
9652,0.8976978706080672
9653,0.9277186547296864
9654,0.9995806681295403
9655,0.8745178061641309
9656,0.8866398713745218
9657,0.6996228156580683
9658,0.8231908720512102
9659,0.8924620646790719
9660,0.8332664826599049
9661,0.8616949923607732
9662,0.845561653743005
9663,0.8314598804892976
9664,0.9735389194858183
9665,0.9532196716721267
9666,0.9240668969672184
9667,0.9519426465411022
9668,0.8499040040955377
9669,0.9297948266678202
9670,0.975175199721293
9671,0.9194494163643571
9672,0.521604727799713
9673,0.5255618177988813
9674,0.9415288864081511
9675,0.5573499223174698
9676,0.6809612394257186
9677,0.6489011578013202
9678,0.7824691820464748
9679,0.7758957239382843
9680,0.7855246965500122
9681,0.6834068716787849
9682,0.6765061084165832
9683,0.8661941618709809
9684,0.9508436561976291
9685,0.7933908380673819
9686,0.6269781920416702
9687,0.9402242989375851
9688,0.6768585275300047
9689,0.6755227500132088
9690,0.6490816942710274
9691,0.6490816942710274
9692,0.8276700544129709
9693,0.9722295730849295
9694,0.9531027772538085
9695,0.8196636807966432
9696,0.9985955804252956
9697,0.9727242503924556
9698,0.8578328407515359
9699,0.9477772127876805
9700,0.87672498936761
9701,0.9068730352518983
9702,0.811667941685776
9703,0.8374892989155928
9704,0.9355353529952032
9705,0.7838319777811004
9706,0.7797565600066428
9707,0.9165997760966116
9708,0.9814553373743381
9709,9.652328711716476e-05
9710,0.9183854799156387
9711,0.7119953735178917
9712,0.9943624603076191
9713,0.8233722425709226
9714,0.9477720567444241
9715,0.999996522185876
9716,0.9295327395331326
9717,0.9763767254130381
9718,0.9997942769273479
9719,0.9878150090199919
9720,0.921688373980056
9721,0.9658418111454495
9722,0.9343332693605216
9723,0.863325726081349
9724,0.6473165574730434
9725,0.6477704559388329
9726,0.6430545226413006
9727,0.7770901824482064
9728,0.6814700880035303
9729,0.2906169793384081
9730,0.28167737126226816
9731,0.917364104742453
9732,0.44116990517192767
9733,0.9217177296101475
9734,0.780266929558609
9735,0.2550275699745204
9736,0.9816222179451862
9737,0.502232983894585
9738,0.8272550214118178
9739,0.6372287037780857
9740,0.409702825745818
9741,0.9996897343550177
9742,0.8867391290909943
9743,0.9999595870839972
9744,0.7461084134790082
9745,0.9917732830443456
9746,0.9992838887227034
9747,0.734703087187769
9748,0.8964383442103173
9749,0.985301899441198
9750,0.5845732545934488
9751,0.2936299855886623
9752,0.2509731564310879
9753,0.9831393459272594
9754,0.6996300976353714
9755,0.9508621915521679
9756,0.9980662979452127
9757,0.5296329869544233
9758,0.9018088681686045
9759,0.8966230456910876
9760,0.8129842499815225
9761,0.6858091750887976
9762,0.31919602903711036
9763,0.9464672499579143
9764,0.961624296969946
9765,0.6858091750887976
9766,0.919741803098911
9767,0.6689292958048454
9768,0.695283418440614
9769,0.893427646905846
9770,0.8622898260401306
9771,0.8866353369213859
9772,0.8898047474422943
9773,0.2817212293585823
9774,0.7553626703749157
9775,0.23237531930739266
9776,0.4564784418941931
9777,0.9874703611472055
9778,0.9191068061355541
9779,0.8748158634465895
9780,0.937139075351297
9781,0.9058055436974993
9782,0.9625750595343742
9783,0.9934487973294699
9784,0.9924630589169621
9785,0.6820457277736514
9786,0.7431313810971977
